{
    "$schema": "https://schema.management.azure.com/schemas/2015-01-01/deploymentParameters.json#",
    "contentVersion": "1.0.0.0",
    "parameters": {
        "administratorLogin": {
            "value": ""
        },
        "administratorLoginPassword": {
            "value": null
        },
        "administrators": {
            "value": {
                "administratorType": "activeDirectory",
                "login": "bielhenry_outlook.com#EXT#@bielhenryoutlook.onmicrosoft.com",
                "sid": "48e1b7c8-cc8e-4931-a94e-9631008c1783",
                "tenantId": "73752c25-1857-49c5-a462-4c804b0f7855",
                "azureADOnlyAuthentication": true,
                "principalType": "User"
            }
        },
        "collation": {
            "value": "SQL_Latin1_General_CP1_CI_AS"
        },
        "databaseName": {
            "value": "BDTeste"
        },
        "tier": {
            "value": "GeneralPurpose"
        },
        "skuName": {
            "value": "GP_S_Gen5_1"
        },
        "location": {
            "value": "westus3"
        },
        "maxSizeBytes": {
            "value": 34359738368
        },
        "serverName": {
            "value": "sertest"
        },
        "sampleName": {
            "value": ""
        },
        "zoneRedundant": {
            "value": false
        },
        "licenseType": {
            "value": ""
        },
        "readScaleOut": {
            "value": "Disabled"
        },
        "numberOfReplicas": {
            "value": 0
        },
        "minCapacity": {
            "value": "0.5"
        },
        "autoPauseDelay": {
            "value": 60
        },
        "enableADS": {
            "value": false
        },
        "allowAzureIps": {
            "value": false
        },
        "databaseTags": {
            "value": {
                "Teste": "50,00"
            }
        },
        "serverTags": {
            "value": {}
        },
        "enableVA": {
            "value": false
        },
        "useVAManagedIdentity": {
            "value": false
        },
        "vaStoragelessEnabled": {
            "value": false
        },
        "enablePrivateEndpoint": {
            "value": false
        },
        "privateEndpointNestedTemplateId": {
            "value": "pe-2294089e-d062-474e-a9f7-b8f0ba49d02a"
        },
        "privateEndpointSubscriptionId": {
            "value": ""
        },
        "privateEndpointResourceGroup": {
            "value": ""
        },
        "privateEndpointName": {
            "value": ""
        },
        "privateEndpointLocation": {
            "value": ""
        },
        "privateEndpointSubnetId": {
            "value": ""
        },
        "privateLinkServiceName": {
            "value": ""
        },
        "privateLinkServiceServiceId": {
            "value": ""
        },
        "privateEndpointVnetSubscriptionId": {
            "value": ""
        },
        "privateEndpointVnetResourceGroup": {
            "value": ""
        },
        "privateEndpointVnetName": {
            "value": ""
        },
        "privateEndpointSubnetName": {
            "value": ""
        },
        "enablePrivateDnsZone": {
            "value": true
        },
        "privateLinkPrivateDnsZoneFQDN": {
            "value": "privatelink.database.windows.net"
        },
        "privateLinkPrivateDnsZoneRG": {
            "value": ""
        },
        "privateEndpointDnsRecordUniqueId": {
            "value": "2294089e-d062-474e-a9f7-b8f0ba49d02d"
        },
        "privateEndpointTemplateLink": {
            "value": "https://sqlazureextension.hosting.portal.azure.net/sqlazureextension/Content/2.1.03078.274--78400/DeploymentTemplates/PrivateEndpoint.json"
        },
        "privateDnsForPrivateEndpointTemplateLink": {
            "value": "https://sqlazureextension.hosting.portal.azure.net/sqlazureextension/Content/2.1.03078.274--78400/DeploymentTemplates/PrivateDnsForPrivateEndpoint.json"
        },
        "privateDnsForPrivateEndpointNicTemplateLink": {
            "value": "https://sqlazureextension.hosting.portal.azure.net/sqlazureextension/Content/2.1.03078.274--78400/DeploymentTemplates/PrivateDnsForPrivateEndpointNic.json"
        },
        "privateDnsForPrivateEndpointIpConfigTemplateLink": {
            "value": "https://sqlazureextension.hosting.portal.azure.net/sqlazureextension/Content/2.1.03078.274--78400/DeploymentTemplates/PrivateDnsForPrivateEndpointIpConfig.json"
        },
        "allowClientIp": {
            "value": false
        },
        "clientIpRuleName": {
            "value": "ClientIp-2025-6-26_1-15-16"
        },
        "clientIpValue": {
            "value": "187.36.162.89"
        },
        "publicNetworkAccess": {
            "value": "Disabled"
        },
        "requestedBackupStorageRedundancy": {
            "value": "Zone"
        },
        "maintenanceConfigurationId": {
            "value": "/subscriptions/9dde7d87-f263-4e5b-96e5-e529627a935f/providers/Microsoft.Maintenance/publicMaintenanceConfigurations/SQL_Default"
        },
        "keyId": {
            "value": ""
        },
        "identity": {
            "value": {
                "type": "None"
            }
        },
        "primaryUserAssignedIdentityId": {
            "value": ""
        },
        "minimalTlsVersion": {
            "value": "1.2"
        },
        "enableSqlLedger": {
            "value": false
        },
        "connectionType": {
            "value": "Default"
        },
        "enableDigestStorage": {
            "value": "Disabled"
        },
        "digestStorageOption": {
            "value": ""
        },
        "digestStorageName": {
            "value": ""
        },
        "blobStorageContainerName": {
            "value": ""
        },
        "retentionDays": {
            "value": ""
        },
        "retentionPolicy": {
            "value": false
        },
        "digestAccountResourceGroup": {
            "value": ""
        },
        "digestRegion": {
            "value": ""
        },
        "storageAccountdigestRegion": {
            "value": ""
        },
        "isNewDigestLocation": {
            "value": false
        },
        "isPermissionAssigned": {
            "value": false
        },
        "sqlLedgerTemplateLink": {
            "value": "https://sqlazureextension.hosting.portal.azure.net/sqlazureextension/Content/2.1.03078.274--78400/DeploymentTemplates/SqlLedger.json"
        },
        "availabilityZone": {
            "value": "NoPreference"
        },
        "useFreeLimit": {
            "value": false
        },
        "freeLimitExhaustionBehavior": {
            "value": "AutoPause"
        },
        "federatedClientId": {
            "value": ""
        },
        "servicePrincipal": {
            "value": {
                "type": "None"
            }
        }
    }
}